City_ID,City,Lat,Lng,Max Temp,Humidity,Cloudiness,Wind Speed,Country,Date
0,grytviken,-54.2811,-36.5092,270.63,82,83,4.81,GS,1732750993
1,papatowai,-46.5619,169.4708,294.1,51,98,7.39,NZ,1732750996
2,bethel,41.3712,-73.414,279.02,70,0,1.54,US,1732750998
3,kristiansund,63.1115,7.732,273.51,74,40,2.57,NO,1732751000
4,kapa'a,22.0752,-159.319,300.33,63,40,8.23,US,1732751002
5,arkhangel'sk,64.5401,40.5433,275.21,100,100,2.0,RU,1732751004
6,iqaluit,63.7506,-68.5145,262.0,79,100,3.6,CA,1732751006
7,coreau,-3.5333,-40.6567,299.94,62,100,2.0,BR,1732751008
8,edd,13.9297,41.6925,300.3,71,1,1.9,ER,1732751010
9,kodiak,57.79,-152.4072,273.88,64,0,4.12,US,1732751013
10,ribeira grande,38.5167,-28.7,291.36,81,29,10.73,PT,1732751015
11,kuta,-8.7233,115.1723,301.12,89,40,1.54,ID,1732751017
12,acarau,-2.8856,-40.12,299.0,76,70,7.87,BR,1732751019
13,hilo,19.7297,-155.09,300.42,79,40,6.69,US,1732751021
14,bredasdorp,-34.5322,20.0403,287.63,66,67,1.57,ZA,1732751024
15,port alfred,-33.5906,26.891,288.81,95,59,1.79,ZA,1732751026
16,lib,8.3122,167.3766,301.58,79,46,8.7,MH,1732751028
17,broome,42.2506,-75.833,276.29,78,100,2.24,US,1732751030
18,badger,64.8,-147.5333,249.08,74,20,0.0,US,1732751032
19,quellon,-43.1167,-73.6167,282.4,97,100,0.65,CL,1732751034
20,port-aux-francais,-49.35,70.2167,279.18,99,100,12.16,TF,1732751036
21,gao,16.6362,1.637,291.98,19,100,5.85,ML,1732751038
22,taroa,8.7058,171.2275,300.91,81,65,9.75,MH,1732751041
23,baotou,40.6522,109.8222,269.77,52,52,5.84,CN,1732751043
24,el bolson,-41.9667,-71.5167,279.97,99,99,1.99,AR,1732751047
25,hamilton,39.1834,-84.5333,280.98,83,100,2.57,US,1732751049
26,bilibino,68.0546,166.4372,260.85,100,100,0.44,RU,1732751051
27,waitangi,-43.9535,-176.5597,286.31,85,52,9.5,NZ,1732751053
28,puerto ayora,-0.7393,-90.3518,295.12,91,40,3.58,EC,1732751056
29,daru,-9.0763,143.2092,302.85,74,84,3.22,PG,1732751058
30,coari,-4.085,-63.1414,300.91,68,80,1.07,BR,1732750783
31,punta arenas,-53.15,-70.9167,283.21,66,0,4.12,CL,1732751062
32,edinburgh of the seven seas,-37.0676,-12.3116,288.46,85,39,9.23,SH,1732751064
33,masterton,-40.9597,175.6575,296.55,38,49,5.78,NZ,1732751067
34,puerto natales,-51.7236,-72.4875,285.15,73,100,1.83,CL,1732750963
35,kerbakhiar,40.1067,46.0383,269.3,90,97,3.79,AZ,1732751071
36,fort bragg,35.139,-79.006,288.1,85,75,0.0,US,1732751073
37,vorgashor,67.5833,63.95,264.79,94,18,4.42,RU,1732751075
38,kone,-21.0595,164.8658,302.93,64,100,2.66,NC,1732751078
39,port elizabeth,-33.918,25.5701,290.31,85,75,4.12,ZA,1732751080
40,gadzhiyevo,69.2551,33.3362,262.24,95,32,4.22,RU,1732751082
41,olonkinbyen,70.9221,-8.7187,267.09,90,100,14.74,SJ,1732751084
42,puerto baquerizo moreno,-0.9,-89.6,295.1,78,70,7.77,EC,1732751086
43,igrim,63.1906,64.4162,272.98,99,100,1.3,RU,1732751088
44,hsinchu,24.8036,120.9686,287.53,75,1,0.89,TW,1732751090
45,uturoa,-16.7333,-151.4333,300.32,73,93,5.94,PF,1732751093
46,eydhafushi,5.1033,73.0708,300.11,82,100,4.53,MV,1732751095
47,hermanus,-34.4187,19.2345,284.71,80,65,2.61,ZA,1732751097
48,adamstown,-25.066,-130.1015,295.86,76,83,7.33,PN,1732751101
49,cape coast,5.1053,-1.2466,297.6,91,2,1.99,GH,1732751104
50,broken hill,-31.95,141.4333,294.61,47,0,3.32,AU,1732751106
51,college,64.8569,-147.8028,249.12,70,75,0.0,US,1732751108
52,akureyri,65.6835,-18.0878,274.11,51,75,5.14,IS,1732751110
53,lorengau,-2.0226,147.2712,302.48,75,96,4.09,PG,1732751112
54,nova sintra,14.8667,-24.7167,298.43,77,1,8.52,CV,1732751114
55,vilyuchinsk,52.9306,158.4028,269.3,72,7,1.6,RU,1732751117
56,wamba,8.9333,8.6,293.64,34,9,1.99,NG,1732751119
57,west island,-12.1568,96.8225,300.14,94,75,4.12,CC,1732751121
58,blackmans bay,-43.0167,147.3167,285.22,93,100,3.64,AU,1732751123
59,argo,37.6333,22.7333,284.78,70,0,1.26,GR,1732751125
60,ancud,-41.8697,-73.8203,285.25,75,36,3.35,CL,1732751127
61,glace bay,46.1969,-59.957,279.25,98,100,1.03,CA,1732751131
62,san jose del guaviare,2.5729,-72.6459,295.92,92,89,0.45,CO,1732751134
63,rolante,-29.6506,-50.5758,296.3,97,93,1.79,BR,1732751136
64,wailua homesteads,22.0669,-159.378,299.59,61,40,8.23,US,1732751138
65,pisco,-13.7,-76.2167,294.18,83,0,8.23,PE,1732751140
66,san antonio de pale,-1.4014,5.6325,299.12,82,82,2.52,GQ,1732751142
67,mogocha,53.7333,119.7667,257.04,87,100,1.55,RU,1732751144
68,port augusta,-32.5,137.7667,293.89,56,24,6.41,AU,1732750978
69,al jawf,29.5,38.75,281.24,50,0,1.59,SA,1732751148
70,ust-nera,64.5667,143.2,255.51,98,100,1.47,RU,1732751150
71,isangel,-19.55,169.2667,299.73,75,100,5.2,VU,1732751153
72,kurumkan,54.3,110.3,263.68,95,100,2.13,RU,1732751155
73,san patricio,28.017,-97.5169,301.12,74,86,6.09,US,1732751157
74,balimila,18.25,82.1333,288.23,59,93,1.09,IN,1732751159
75,iskateley,67.6803,53.1512,268.07,89,12,4.52,RU,1732751161
76,san luis,-33.295,-66.3356,291.46,81,18,8.79,AR,1732751163
77,tiksi,71.6872,128.8694,255.61,80,55,15.86,RU,1732751165
78,yellowknife,62.456,-114.3525,247.9,76,20,3.09,CA,1732751168
79,constitucion,-35.3333,-72.4167,285.49,78,0,6.59,CL,1732751170
80,gamba,-2.65,10.0,297.02,92,97,1.62,GA,1732751172
81,ilulissat,69.2167,-51.1,262.16,52,100,6.69,GL,1732751174
82,cidade velha,14.9167,-23.6167,297.03,81,1,2.47,CV,1732751176
83,al jubayl,27.0112,49.6583,293.68,60,87,11.15,SA,1732751091
84,wetaskiwin,52.9668,-113.3687,254.4,100,95,2.1,CA,1732751180
85,lanzhou,36.0564,103.7922,271.55,61,0,0.6,CN,1732751182
86,san pedro pochutla,15.7333,-96.4667,301.99,75,0,1.84,MX,1732751185
87,nouadhibou,20.931,-17.0347,295.14,49,68,4.12,MR,1732751187
88,conde,-7.2597,-34.9075,298.85,73,0,4.12,BR,1732751189
89,seven pagodas,12.6264,80.1722,297.96,76,100,10.44,IN,1732751192
90,talnakh,69.4865,88.3972,258.76,86,100,10.91,RU,1732751194
91,qaqortoq,60.7167,-46.0333,263.8,76,75,2.88,GL,1732751196
92,tanggu,39.0211,117.6469,274.13,32,3,8.73,CN,1732751198
93,albany,42.6001,-73.9662,275.17,69,89,0.45,US,1732751200
94,east london,-33.0153,27.9116,288.62,91,53,5.71,ZA,1732751202
95,la passe,45.5549,-0.8967,285.77,80,68,3.3,FR,1732751205
96,praia da vitoria,38.7333,-27.0667,290.29,82,40,6.52,PT,1732751207
97,yaren,-0.5472,166.916,301.15,77,94,8.53,NR,1732751209
98,mejit,10.2753,170.8646,301.22,75,61,9.74,MH,1732751211
99,dolinsk,47.35,142.8,276.66,71,2,4.36,RU,1732751213
100,whitehorse,60.7161,-135.0538,259.83,77,75,3.09,CA,1732751215
101,utrik,11.2278,169.8474,301.45,75,85,9.31,MH,1732751218
102,udachny,66.4167,112.4,258.98,93,100,3.32,RU,1732751220
103,palikir - national government center,6.9248,158.1611,301.56,84,100,1.54,FM,1732751225
104,aldinga beach,-35.2793,138.4604,291.84,75,100,6.2,AU,1732751227
105,san sebastian de la gomera,28.0916,-17.1133,295.35,60,0,2.06,ES,1732751230
106,san jose del cabo,23.0589,-109.6977,301.26,43,0,5.66,MX,1732750986
107,thompson,55.7435,-97.8558,262.24,92,100,2.06,CA,1732751234
108,lihue,21.9789,-159.3672,299.92,59,40,8.23,US,1732751236
109,invercargill,-46.4,168.35,294.27,73,97,4.47,NZ,1732751238
110,ola,59.5833,151.2833,259.1,75,51,2.52,RU,1732751240
111,isafjordur,66.0755,-23.124,263.24,89,92,12.23,IS,1732751242
112,vila franca do campo,37.7167,-25.4333,291.42,99,13,6.18,PT,1732751245
113,marquette,46.5333,-87.6335,270.56,81,94,3.13,US,1732751247
114,minas de marcona,-15.2119,-75.1103,288.84,82,73,5.68,PE,1732751249
115,gerash,27.6652,54.1371,290.34,64,11,2.49,IR,1732751251
116,keflavik,64.0049,-22.5624,272.39,64,75,8.75,IS,1732751253
117,khandyga,62.6667,135.6,255.08,98,100,0.88,RU,1732751255
118,hadibu,12.65,54.0333,299.18,72,75,4.65,YE,1732751257
119,magadan,59.5667,150.8,261.92,70,69,1.42,RU,1732751260
120,nadi,-17.8,177.4167,302.15,74,75,5.14,FJ,1732751262
121,el granada,37.5027,-122.4694,289.14,51,0,3.09,US,1732751264
122,ushuaia,-54.8,-68.3,283.96,62,0,7.2,AR,1732751266
123,enewetak,11.3474,162.3373,301.13,83,8,9.83,MH,1732751268
124,alofi,-19.0595,-169.9187,299.09,89,75,3.09,NU,1732751270
125,labrador city,52.9463,-66.9114,271.1,95,100,2.57,CA,1732751272
126,fortuna,40.5982,-124.1573,284.78,73,0,4.12,US,1732751275
127,petropavlovsk-kamchatsky,53.0452,158.6483,268.48,68,20,3.0,RU,1732751279
128,pacific grove,36.6177,-121.9166,291.21,73,0,3.6,US,1732751281
129,port saint john's,-31.6229,29.5448,288.14,86,9,2.83,ZA,1732751283
130,mar del plata,-38.0023,-57.5575,290.16,77,0,5.14,AR,1732751286
131,eyl,7.9803,49.8164,297.11,74,63,4.35,SO,1732751288
132,chas,23.6333,86.1667,289.11,51,100,2.6,IN,1732751290
133,vangaindrano,-23.35,47.6,294.82,96,21,1.03,MG,1732751292
134,siavonga,-16.5382,28.7088,299.57,68,29,2.04,ZM,1732751294
135,revda,56.801,59.9303,266.66,89,5,0.9,RU,1732751297
136,i-n-salah,27.1935,2.4607,290.26,31,86,4.87,DZ,1732751299
137,anadyr,64.75,177.4833,271.43,79,40,9.0,RU,1732751302
138,achikulak,44.5517,44.8378,274.66,97,100,7.89,RU,1732751306
139,tsetserleg,47.475,101.4542,265.94,53,56,3.55,MN,1732751308
140,port lincoln,-34.7333,135.8667,289.66,75,100,7.72,AU,1732751310
141,nola,40.922,14.5329,288.72,85,21,0.88,IT,1732751312
142,esperanza,19.5847,-70.9849,297.2,93,100,1.33,DO,1732751315
143,al bawiti,28.3492,28.8659,285.72,62,16,3.09,EG,1732751317
144,es castell,39.8795,4.2854,285.53,87,75,0.0,ES,1732751319
145,usinsk,65.9939,57.5281,272.04,97,100,2.01,RU,1732751321
146,taltal,-25.4,-70.4833,291.13,76,27,2.67,CL,1732751323
147,sampacho,-33.3839,-64.7221,291.4,93,95,1.64,AR,1732751325
148,punta gorda,26.9298,-82.0454,295.36,85,0,2.51,US,1732751327
149,jamestown,42.097,-79.2353,277.05,81,0,0.89,US,1732751332
150,satipo,-11.2522,-74.6386,295.94,95,94,1.28,PE,1732751334
151,port-vila,-17.7338,168.3219,301.93,79,75,7.72,VU,1732751336
152,hotan,37.0997,79.9269,272.71,38,0,1.65,CN,1732751338
153,oakdale,44.963,-92.9649,269.02,81,100,4.12,US,1732751343
154,woolgoolga,-30.1106,153.2007,299.08,76,97,6.02,AU,1732751345
155,hawaiian paradise park,19.5933,-154.9731,300.3,76,40,6.69,US,1732751347
156,san juan,-31.5375,-68.5364,297.86,29,0,7.04,AR,1732751108
157,longyearbyen,78.2186,15.6401,260.06,56,75,3.09,SJ,1732751351
158,mabaruma,8.2,-59.7833,297.25,93,37,1.58,GY,1732751353
159,kalmunai,7.4167,81.8167,298.65,82,99,11.15,LK,1732751355
160,avarua,-21.2078,-159.775,300.18,69,40,6.69,CK,1732751357
161,verkhnevilyuysk,63.4453,120.3167,254.54,97,90,2.19,RU,1732751360
162,afaahiti,-17.75,-149.2833,298.84,75,87,4.37,PF,1732751362
163,newman,37.3138,-121.0208,286.51,59,2,0.89,US,1732751365
164,carutapera,-1.195,-46.02,299.31,79,85,4.45,BR,1732751367
165,callao,-12.0667,-77.15,296.88,82,75,5.14,PE,1732751369
166,mount gambier,-37.8333,140.7667,287.63,86,99,5.43,AU,1732751371
167,ulaangom,49.9811,92.0667,259.45,81,36,1.92,MN,1732751186
168,macia,-25.0269,33.0989,294.09,93,99,5.59,MZ,1732751376
169,montepuez,-13.1256,38.9997,296.18,84,75,2.24,MZ,1732751378
170,tlahualilo de zaragoza,26.1167,-103.45,294.71,30,70,0.36,MX,1732751382
171,okuta,9.2167,3.1833,294.61,29,18,3.01,NG,1732751385
172,mersing,2.4312,103.8405,297.1,94,20,2.06,MY,1732751387
173,kingston,17.997,-76.7936,300.68,83,75,3.09,JM,1732751267
174,laguna,38.421,-121.4238,288.25,49,0,3.09,US,1732751394
175,quepos,9.4236,-84.1652,298.41,91,94,4.18,CR,1732751396
176,sao tome,0.3365,6.7273,299.46,78,34,2.73,ST,1732751398
177,sumbe,-11.2061,13.8437,297.91,81,99,2.19,AO,1732751400
178,carnarvon,-24.8667,113.6333,301.93,42,0,4.82,AU,1732751402
179,st. john's,47.5649,-52.7093,275.81,95,100,4.47,CA,1732751117
180,lompoc,34.6391,-120.4579,293.38,62,0,5.14,US,1732751407
181,archangelos,36.2149,28.1149,284.14,62,0,1.57,GR,1732751411
182,elliot lake,46.3834,-82.6331,269.19,99,81,1.95,CA,1732751413
183,ongwediva,-17.7833,15.7667,298.47,23,22,4.15,NA,1732751415
184,saldanha,-33.0117,17.9442,287.18,81,0,11.13,ZA,1732751417
185,ibusuki,31.2333,130.65,287.69,64,61,9.83,JP,1732751419
186,constantia,44.1833,28.65,276.53,77,100,2.91,RO,1732751422
187,yeppoon,-23.1333,150.7333,299.53,77,48,5.1,AU,1732751424
188,mount isa,-20.7333,139.5,299.02,73,100,3.09,AU,1732751426
189,kharp,66.8014,65.8081,269.68,97,99,2.49,RU,1732751428
190,dudinka,69.4058,86.1778,257.7,84,85,7.25,RU,1732751430
191,holmsund,63.706,20.3641,265.12,93,0,3.09,SE,1732751432
192,kavieng,-2.5744,150.7967,302.63,76,99,7.66,PG,1732751435
193,nicoya,10.1483,-85.452,297.01,92,83,2.0,CR,1732751437
194,luba,3.4568,8.5547,300.33,77,10,2.96,GQ,1732751439
195,torit,4.4133,32.5678,294.55,72,16,1.41,SS,1732751441
196,zhigalovo,54.8097,105.1578,272.69,95,100,4.53,RU,1732751443
197,karratha,-20.7377,116.8463,301.63,63,100,0.84,AU,1732751445
198,georgetown,5.4112,100.3354,299.11,87,40,4.63,MY,1732751442
199,sungai penuh,-2.0833,101.3833,292.91,97,100,0.44,ID,1732751449
200,lebu,-37.6167,-73.65,285.45,77,2,3.26,CL,1732751452
201,labytnangi,66.6572,66.4183,267.77,90,75,3.76,RU,1732751454
202,quelimane,-17.8786,36.8883,299.51,84,68,2.52,MZ,1732751456
203,aasiaat,68.7098,-52.8699,255.41,75,100,4.54,GL,1732751458
204,alice springs,-23.7,133.8833,298.9,38,100,6.69,AU,1732751252
205,island harbour,50.724,-1.2758,275.36,3,62,2.45,GB,1732751462
206,zalingei,12.9096,23.4741,289.23,30,18,2.57,SD,1732751464
207,severo-yeniseyskiy,60.3725,93.0408,270.94,97,100,4.73,RU,1732751466
208,chonchi,-42.6128,-73.8092,283.77,93,91,0.8,CL,1732751469
209,saint-francois,46.4154,3.9054,284.62,82,100,3.09,FR,1732751471
210,muroto-misakicho,33.2833,134.15,286.58,65,10,13.47,JP,1732751473
211,koryazhma,61.3143,47.1691,268.17,87,29,1.9,RU,1732751475
212,tadpatri,14.9167,78.0167,291.8,63,97,1.3,IN,1732751477
213,sao vicente,-23.9631,-46.3919,299.25,26,96,1.79,BR,1732751480
214,laojunmiao,39.8333,97.7333,267.73,33,0,3.54,CN,1732751482
215,hermoso campo,-27.6082,-61.3444,298.01,89,64,7.06,AR,1732751484
216,zavitinsk,50.1167,129.45,265.17,94,100,6.3,RU,1732751486
217,tofol,5.3248,163.0078,304.03,70,100,3.6,FM,1732751488
218,yeosu,34.7546,127.6599,280.65,60,18,9.06,KR,1732751490
219,levuka,50.1834,-105.4011,259.99,94,69,2.51,CA,1732751493
220,la ronge,55.1001,-105.2842,261.29,79,100,3.6,CA,1732751495
221,howard springs,-12.497,131.047,304.19,86,95,3.61,AU,1732751497
222,oral,51.2333,51.3667,266.14,93,0,3.0,KZ,1732751500
223,norilsk,69.3535,88.2027,258.73,88,100,10.07,RU,1732751502
224,exu,-7.5119,-39.7242,299.28,33,76,1.99,BR,1732751505
225,tokmok,42.8417,75.3016,282.54,20,0,3.82,KG,1732751507
226,jarvenpaa,60.4737,25.0899,278.74,92,75,2.57,FI,1732751509
227,thief river falls,48.1191,-96.1812,265.11,86,100,3.09,US,1732751511
228,berezovyy,51.6667,135.7,270.47,95,100,7.01,RU,1732751513
229,montego bay,18.4712,-77.9188,299.04,89,20,6.17,JM,1732751515
230,babra,21.85,71.3,293.61,35,0,4.51,IN,1732751520
231,prince rupert,54.3161,-130.3201,279.98,88,100,6.69,CA,1732751522
232,kununurra,-15.7667,128.7333,303.14,79,20,1.54,AU,1732751524
233,moree,-29.4667,149.85,300.13,61,100,5.57,AU,1732751526
234,kangding,30.0513,101.9603,270.99,90,64,1.89,CN,1732751528
235,timaru,-44.4,171.25,299.86,35,80,5.81,NZ,1732751533
236,ust-tsilma,65.441,52.1498,273.53,100,99,0.59,RU,1732751535
237,tura,25.5198,90.2201,288.86,83,94,1.78,IN,1732751537
238,griffith,41.5284,-87.4237,277.88,69,0,0.0,US,1732751539
239,margaret river,-33.95,115.0667,291.4,51,0,5.3,AU,1732751541
240,sarh,9.1429,18.3923,294.65,33,10,2.78,TD,1732751543
241,nawabganj,24.5911,88.271,290.66,75,94,3.27,BD,1732751546
242,grafton,42.207,-71.6856,275.68,80,52,1.24,US,1732751548
243,la sarre,48.8002,-79.1996,269.3,92,100,5.64,CA,1732751414
244,happy valley-goose bay,53.3168,-60.3315,271.32,86,75,3.09,CA,1732751552
245,hasaki,35.7333,140.8333,288.28,50,0,3.85,JP,1732751554
246,new norfolk,-42.7826,147.0587,285.88,94,100,1.3,AU,1732751556
247,kapuskasing,49.4169,-82.4331,269.2,93,100,7.72,CA,1732751561
248,saipan,15.1355,145.701,303.54,82,40,7.2,MP,1732751563
249,rimus,16.8764,120.3966,299.52,75,97,1.09,PH,1732751565
250,thanh hoa,19.8,105.7667,288.76,68,82,2.55,VN,1732751567
251,buka,40.8108,69.1986,282.23,36,69,0.94,UZ,1732752642
252,el calafate,-50.3408,-72.2768,286.32,72,100,3.04,AR,1732752644
253,colonia,50.9333,6.95,281.46,80,75,7.2,DE,1732752646
254,urcos,-13.6861,-71.6228,285.33,82,95,1.63,PE,1732752555
255,neelankarai,12.9455,80.2575,298.18,84,75,5.14,IN,1732752650
256,caleta de carquin,-11.0925,-77.6267,292.71,83,96,4.04,PE,1732752653
257,malmberget,67.1753,20.6549,253.46,84,16,1.54,SE,1732752657
258,ploudalmezeau,48.5333,-4.65,282.36,89,100,3.6,FR,1732752659
259,piedecuesta,6.9879,-73.0495,295.31,94,88,0.94,CO,1732752663
260,tukrah,32.5341,20.5791,290.28,74,55,1.34,LY,1732752554
261,galliano,29.4422,-90.2992,296.15,88,40,5.66,US,1732752669
262,port mathurin,-19.6833,63.4167,297.59,73,3,9.75,MU,1732752671
263,kolonia,50.9333,6.95,281.46,80,75,7.2,DE,1732752607
264,brokopondo,4.75,-55.1667,299.7,78,72,5.31,SR,1732752675
265,borogontsy,62.6683,131.1683,249.91,99,98,1.09,RU,1732752677
266,kidal,18.4411,1.4078,291.51,20,62,4.83,ML,1732752680
267,nyahururu,0.0421,36.3673,284.09,93,55,1.69,KE,1732752682
268,guerrero negro,27.9769,-114.0611,291.0,83,100,5.58,MX,1732752684
269,floro,61.5996,5.0328,272.13,93,7,3.6,NO,1732752686
270,valentin gomez farias,28.2167,-106.5833,293.81,14,83,4.78,MX,1732752689
271,kutum,14.2,24.6667,284.95,38,81,3.13,SD,1732752691
272,nemuro,43.3236,145.575,281.88,83,100,2.2,JP,1732752693
273,choyr,46.3611,108.3611,269.92,53,100,11.08,MN,1732752695
274,yiyang,28.5892,112.3283,282.38,47,32,1.09,CN,1732752697
275,asubulaq,49.5583,83.0558,267.63,65,0,3.49,KZ,1732752700
276,obo,5.3998,26.4869,293.2,54,79,1.15,CF,1732752702
277,bandarbeyla,9.4942,50.8122,298.71,67,97,5.77,SO,1732752704
278,waddan,29.1614,16.139,286.29,62,0,2.51,LY,1732752706
279,margate,51.3813,1.3862,278.54,86,99,0.89,GB,1732752528
280,bubaque,11.2833,-15.8333,300.79,75,0,5.65,GW,1732752713
281,atafu village,-8.5421,-172.5159,301.71,71,25,5.0,TK,1732752715
282,antsiranana,-12.2787,49.2917,297.8,84,34,5.53,MG,1732752717
283,loen,7.7601,168.2307,301.05,81,58,8.34,MH,1732752719
284,tocoa,15.6833,-86.0,295.25,100,37,0.21,HN,1732752556
285,sittwe,20.15,92.9,295.35,77,100,3.13,MM,1732752726
286,salinas,36.6777,-121.6555,290.26,67,0,2.57,US,1732752610
287,stanley,54.868,-1.6985,274.55,93,20,3.09,GB,1732752730
288,guarapari,-20.6667,-40.4975,296.31,87,11,6.82,BR,1732752562
289,rikaze,29.25,88.8833,269.67,63,0,1.09,CN,1732752734
290,flying fish cove,-10.4217,105.6791,300.68,77,100,4.22,CX,1732752736
291,geneina,13.45,22.45,288.49,31,5,7.26,SD,1732752738
292,puerto aysen,-45.4,-72.7,282.64,99,100,1.54,CL,1732752740
293,yahotyn,50.2798,31.7625,272.44,91,85,1.82,UA,1732752743
294,sitka,57.0531,-135.33,277.09,87,75,2.06,US,1732752745
295,klyuchi,52.2667,79.1667,264.39,81,4,3.43,RU,1732752747
296,buriti dos lopes,-3.175,-41.8669,299.04,75,100,5.25,BR,1732752749
297,pangody,65.85,74.4859,268.11,92,99,3.73,RU,1732752751
298,nabire,-3.3667,135.4833,302.72,69,100,1.0,ID,1732752753
299,aksu,41.1231,80.2644,271.29,70,2,1.31,CN,1732752756
300,kerikeri,-35.2268,173.9474,297.59,48,1,3.14,NZ,1732752732
301,tolanaro,-25.0319,46.9987,296.22,90,2,5.08,MG,1732752760
302,kerman,30.2832,57.0788,282.07,93,40,3.09,IR,1732752762
303,mareeba,-17.0,145.4333,303.84,62,36,3.13,AU,1732752764
304,susuman,62.7833,148.1667,244.52,95,91,0.19,RU,1732752766
305,mersa matruh,31.3525,27.2453,291.42,65,78,3.95,EG,1732752520
306,pemangkat,1.1667,108.9667,299.21,86,100,1.86,ID,1732752770
307,baramula,34.2,74.35,274.39,34,0,0.89,IN,1732752773
308,sharm el-sheikh,27.8518,34.305,291.77,42,9,3.04,EG,1732752775
309,chibougamau,49.9168,-74.3659,267.94,93,100,3.6,CA,1732752629
310,lerwick,60.1545,-1.1494,278.89,69,21,2.25,GB,1732752759
311,shalqar,47.8333,59.6,272.76,65,19,3.83,KZ,1732752782
312,darwin,-12.4611,130.8418,303.14,74,75,2.06,AU,1732752578
313,ribeira brava,32.65,-17.0667,292.99,80,86,1.65,PT,1732752786
314,mahanoro,-19.9,48.8,296.94,86,29,1.69,MG,1732752790
315,vernon,50.2581,-119.2691,275.33,73,90,0.76,CA,1732752792
316,tynda,55.1667,124.7167,249.62,98,96,1.43,RU,1732752795
317,northam,51.0333,-4.2167,277.67,85,67,3.25,GB,1732752797
318,road town,18.4167,-64.6167,300.17,89,20,5.14,VG,1732752799
319,betio village,1.358,172.9211,301.46,70,97,5.58,KI,1732752801
320,kamaishi,39.2667,141.8833,281.85,73,64,4.83,JP,1732752803
321,la peca,-5.6111,-78.435,296.93,74,89,1.82,PE,1732752516
322,erzincan,39.75,39.5,256.76,85,100,0.0,TR,1732752808
323,poplar bluff,36.757,-90.3929,281.05,54,100,3.6,US,1732752644
324,graaff-reinet,-32.2522,24.5308,286.44,74,80,7.92,ZA,1732752794
325,krasnovishersk,60.4078,57.082,263.94,99,88,1.36,RU,1732752814
326,pachelma,53.2443,43.3521,272.68,89,100,1.33,RU,1732752817
327,buzdyak,54.5833,54.55,270.68,66,69,1.45,RU,1732752819
328,kill devil hills,36.0307,-75.676,288.14,75,40,2.57,US,1732752724
329,al mawsil al jadidah,36.3346,43.0978,280.33,72,4,1.98,IQ,1732752823
330,ta`u,-14.2336,-169.5144,301.03,79,90,4.17,AS,1732752825
331,suntar,62.1444,117.6319,257.3,97,90,2.46,RU,1732752828
332,tazovsky,67.4667,78.7,262.04,92,49,5.2,RU,1732752830
333,bovalino,38.149,16.174,286.09,71,41,2.36,IT,1732752832
334,jasper,37.2001,-94.3502,280.4,75,100,8.75,US,1732752834
335,waingapu,-9.6567,120.2641,302.53,73,62,1.21,ID,1732752836
336,mohr,54.3528,9.7167,280.23,92,96,1.03,DE,1732752839
337,hammerfest,70.6634,23.6821,274.4,60,75,2.57,NO,1732752841
338,leava,-14.3,-178.1667,300.89,77,90,5.17,WF,1732752843
339,biloela,-24.4167,150.5,301.7,57,69,2.51,AU,1732752845
340,deogarh,21.5333,84.7333,287.26,63,98,1.11,IN,1732752848
341,balaipungut,1.05,101.2833,296.56,94,100,0.29,ID,1732752850
342,queenstown,-31.8976,26.8753,284.69,73,42,5.53,ZA,1732752852
343,isla vista,34.4133,-119.861,291.94,76,30,1.65,US,1732752854
344,kermanshah,34.3142,47.065,272.65,69,0,3.09,IR,1732752856
345,pyapon,16.2833,95.6833,295.42,92,95,3.0,MM,1732752858
346,ingeniero jacobacci,-41.3427,-69.5448,285.43,33,83,3.33,AR,1732752860
347,rio grande,-32.035,-52.0986,293.4,94,100,11.21,BR,1732752862
348,thayetmyo,19.3167,95.1833,293.4,84,95,2.02,MM,1732752865
349,colares,38.7992,-9.4469,286.42,74,42,5.93,PT,1732752867
350,xai-xai,-25.0519,33.6442,296.3,92,100,8.28,MZ,1732752869
351,vilyuysk,63.7553,121.6247,255.15,97,97,2.61,RU,1732752872
352,urangan,-25.3,152.9,299.14,75,30,1.73,AU,1732752874
353,sariwon,38.5072,125.7558,268.32,94,96,0.31,KP,1732752876
354,coquimbo,-29.9533,-71.3436,288.7,70,0,4.12,CL,1732752797
355,maloye ganyushkino,46.6,49.2667,277.85,78,100,6.09,KZ,1732752880
356,tobelo,1.7284,128.0095,301.77,79,73,1.48,ID,1732752882
357,novyy urgal,51.0736,132.5642,266.29,85,100,1.54,RU,1732752885
358,mangrol,21.1167,70.1167,295.72,42,0,4.89,IN,1732752887
359,naldurg,17.8167,76.3,288.92,53,84,4.88,IN,1732752717
360,minbu,20.1833,94.8833,294.41,77,96,2.23,MM,1732752891
361,tondano,1.3038,124.9112,298.2,75,41,0.38,ID,1732752893
362,thunder bay,48.4001,-89.3168,268.4,76,52,4.25,CA,1732752819
363,makurazaki,31.2667,130.3167,287.23,61,98,10.74,JP,1732752828
364,tromso,69.6496,18.957,276.16,60,40,7.72,NO,1732752899
365,hennenman,-27.9765,27.0242,285.57,33,0,4.1,ZA,1732752901
366,kamakwie,9.5,-12.2333,295.5,46,0,0.84,SL,1732752904
367,manokwari,-0.8667,134.0833,301.98,70,90,2.58,ID,1732752906
368,eureka,40.8021,-124.1637,284.58,76,0,1.34,US,1732752707
369,kenora,49.8167,-94.4337,268.69,93,100,2.06,CA,1732752648
370,khadan khak,30.7477,67.7085,281.83,41,0,2.76,PK,1732752912
371,pangyan,5.7008,125.2811,301.09,75,89,2.66,PH,1732752914
372,kovel,51.2153,24.7087,275.57,91,41,2.76,UA,1732752916
373,nar'yan-mar,67.6713,53.087,267.75,88,14,4.15,RU,1732752919
374,huarmey,-10.0681,-78.1522,293.13,83,54,3.67,PE,1732752921
375,jalqani,12.4486,34.2186,295.05,20,41,4.73,SD,1732752923
376,genhe,50.7833,121.5167,252.53,100,93,1.14,CN,1732752925
377,marsh harbour,26.5412,-77.0636,297.83,71,0,5.94,BS,1732752928
378,nampula,-15.1165,39.2666,298.12,78,0,5.66,MZ,1732752931
379,vadso,70.0744,29.7487,266.24,79,20,3.09,NO,1732752934
380,cururupu,-1.8283,-44.8683,297.48,85,79,1.56,BR,1732752936
381,bardai,11.65,7.2333,288.94,42,3,3.96,NG,1732752938
382,harstad,68.799,16.5293,274.35,86,99,5.65,NO,1732752940
383,fale old settlement,-9.3852,-171.2468,302.09,68,40,5.53,TK,1732752942
384,amuntai,-2.4177,115.2494,298.91,92,97,0.42,ID,1732752944
385,gurun,5.8172,100.4738,293.46,98,100,3.55,MY,1732752946
386,naze,28.3667,129.4833,288.49,67,100,6.78,JP,1732752949
387,selma,36.5708,-119.6121,288.29,82,0,0.0,US,1732752951
388,vanimo,-2.6741,141.3028,302.12,75,100,3.05,PG,1732752953
389,ormara,25.2088,64.6357,299.48,75,0,5.1,PK,1732752937
390,palmas,-10.2128,-48.3603,300.08,78,75,1.54,BR,1732752781
391,ulladulla,-35.35,150.4667,303.19,44,52,2.38,AU,1732752962
392,mahibadhoo,3.7833,72.9667,300.94,77,93,5.78,MV,1732752964
393,codrington,-38.2667,141.9667,288.65,88,89,6.26,AU,1732752966
394,urzhar,47.093,81.6294,269.48,58,0,2.88,KZ,1732752968
395,parvatipuram,18.7833,83.4333,288.94,63,99,2.72,IN,1732752970
396,alotau,-10.3069,150.4462,303.85,65,100,2.62,PG,1732752972
397,pierre,44.3683,-100.351,270.66,74,100,8.75,US,1732752974
398,tubarjal,30.4999,38.216,281.98,50,0,1.98,SA,1732752977
399,tallkalakh,34.6684,36.2599,283.17,80,46,0.2,SY,1732752979
400,jitra,6.2681,100.4217,297.54,94,100,1.34,MY,1732752982
401,klaksvik,62.2266,-6.589,279.43,75,35,6.92,FO,1732752987
402,spring creek,40.7266,-115.5859,273.09,69,15,1.95,US,1732752989
403,reggane,26.7158,0.1714,292.97,22,100,4.81,DZ,1732752738
404,newport,51.5877,-2.9984,275.12,92,42,2.54,GB,1732752994
405,meizhou,24.2977,116.1072,283.78,62,37,1.81,CN,1732752996
406,mazagao,-0.115,-51.2894,300.23,72,21,3.76,BR,1732752998
407,thabazimbi,-24.5917,27.4116,294.21,35,16,4.05,ZA,1732753000
408,hithadhoo,-0.6,73.0833,301.02,82,93,8.61,MV,1732753002
409,shimoda,34.6667,138.95,285.31,54,1,10.88,JP,1732753004
410,ciudad lazaro cardenas,17.9583,-102.2,300.01,74,1,3.68,MX,1732753006
411,campo gallo,-26.5833,-62.85,302.61,63,58,6.24,AR,1732753009
412,kurchum,48.5722,83.6542,266.69,69,0,2.19,KZ,1732753011
413,lazaro cardenas,17.9583,-102.2,300.01,74,1,3.68,MX,1732753013
414,boyolangu,-8.1181,111.8935,299.91,80,97,1.72,ID,1732753015
415,zyryanovsk,49.7386,84.2719,256.66,98,60,0.63,KZ,1732752751
416,letlhakeng,-24.0944,25.0298,294.02,10,41,4.97,BW,1732753019
417,ahmadpur east,29.1431,71.2598,292.33,31,0,2.65,PK,1732753021
418,nova vicosa,-17.8919,-39.3719,297.24,79,82,4.62,BR,1732753023
419,camayenne,9.535,-13.6878,300.2,78,20,0.0,GN,1732752879
420,kholmsk,47.0511,142.0569,277.12,76,35,4.58,RU,1732753028
421,vila velha,-20.3297,-40.2925,298.12,82,75,6.69,BR,1732752817
422,sandnessjoen,66.0217,12.6316,273.89,79,24,6.15,NO,1732753032
423,dawesville,30.9224,-84.0091,292.24,89,75,0.0,US,1732753034
424,choibalsan,48.0667,114.5,261.87,86,60,4.01,MN,1732753036
425,haiku-pauwela,20.9219,-156.3051,300.49,65,20,9.83,US,1732753038
426,as suki,13.3167,33.8833,293.98,21,1,5.15,SD,1732753040
427,freetown,8.484,-13.2299,300.99,78,20,3.6,SL,1732753043
428,kruisfontein,-34.0033,24.7314,286.33,86,57,4.36,ZA,1732753045
429,magong,23.5654,119.5863,292.96,62,5,12.16,TW,1732752796
430,luganville,-15.5333,167.1667,302.19,76,94,3.58,VU,1732753050
431,sinabang,2.4803,96.3801,299.57,85,88,1.28,ID,1732753052
432,yaroslavl,57.6299,39.8737,269.04,93,100,1.0,RU,1732753055
433,saint-louis du nord,19.9333,-72.7167,299.58,85,100,5.03,HT,1732753057
434,palu,-0.8917,119.8707,300.81,87,71,0.65,ID,1732753059
435,port moresby,-9.4431,147.1797,303.83,70,75,5.14,PG,1732753063
436,minas de matahambre,22.5887,-83.9447,295.95,80,0,3.26,CU,1732753065
437,kayangel,8.0823,134.7173,301.26,81,97,9.89,PW,1732753068
438,namibe,-15.1961,12.1522,295.05,77,95,2.48,AO,1732753070
439,sona,45.4388,10.8255,283.07,95,100,1.54,IT,1732752927
440,saint-pierre,-21.3393,55.4781,296.97,73,100,1.54,RE,1732753074
441,holualoa,19.6228,-155.9522,299.17,78,0,4.63,US,1732753076
442,dukhan,25.4297,50.7858,296.56,81,37,11.9,QA,1732753081
443,takoradi,4.8845,-1.7554,299.04,82,1,2.68,GH,1732753083
444,nago,26.5881,127.9761,290.71,57,25,6.05,JP,1732753085
445,tucuma,-0.1833,-50.05,300.31,76,88,5.01,BR,1732753087
446,nishinoomote,30.7333,131.0,288.46,58,75,8.75,JP,1732753089
447,remire-montjoly,4.9167,-52.2667,298.17,94,0,1.03,GF,1732753091
448,luderitz,-26.6481,15.1594,289.31,68,0,8.59,NA,1732753093
449,xunchang,28.4543,104.715,280.03,82,100,1.14,CN,1732753096
450,cadale,2.7603,46.3222,300.16,80,74,3.93,SO,1732753098
451,cabedelo,-6.9811,-34.8339,299.52,63,85,6.19,BR,1732753100
452,port hedland,-20.3167,118.5667,305.18,40,99,4.63,AU,1732753102
453,kuusamo,65.9667,29.1833,258.17,92,0,0.51,FI,1732753104
454,acapulco de juarez,16.8634,-99.8901,301.05,74,40,4.12,MX,1732752946
455,simanggang,1.2472,111.4528,298.16,100,40,0.0,MY,1732753109
456,guercif,34.2257,-3.3536,288.58,77,0,2.05,MA,1732753111
457,barah,13.7,30.3667,288.21,33,2,4.7,SD,1732753113
458,villa gesell,-37.2639,-56.973,290.05,72,4,6.68,AR,1732752995
459,selfoss,63.9331,-20.9971,271.82,59,75,7.09,IS,1732753118
460,fauske,67.2588,15.3918,267.54,80,19,3.34,NO,1732753120
461,sao joao da barra,-21.6403,-41.0511,297.45,84,50,11.38,BR,1732753122
462,cabo san lucas,22.8909,-109.9124,300.32,47,0,2.06,MX,1732753124
463,altai,46.3722,96.2583,262.82,47,3,1.34,MN,1732753126
464,mirpur sakro,24.5474,67.6277,297.49,68,0,2.99,PK,1732753128
465,barclayville,4.6797,-8.2339,298.2,88,57,0.85,LR,1732753130
466,huilong,31.8111,121.655,281.17,56,0,6.39,CN,1732753132
467,beyneu,45.3167,55.2,278.63,80,100,4.32,KZ,1732753135
468,leshan,29.5623,103.7639,281.39,88,93,0.29,CN,1732753137
469,dumont,40.9407,-73.9968,281.97,61,0,0.0,US,1732753139
470,staryy sambir,49.4386,23.0006,274.16,93,74,2.54,UA,1732753141
471,sol'-iletsk,51.1631,54.9918,267.63,82,6,2.19,RU,1732753143
472,dongning,44.0622,131.1207,267.05,49,100,3.68,CN,1732753146
473,batesville,35.7698,-91.641,283.12,91,100,0.0,US,1732753148
474,san pedro de lloc,-7.4328,-79.5058,292.23,80,69,5.32,PE,1732753150
475,yuzhno-kurilsk,44.0306,145.8556,279.71,79,83,2.91,RU,1732753152
476,chissamba,-12.1667,17.3333,289.57,98,100,1.72,AO,1732753154
477,lagunas,-5.2269,-75.6753,301.64,67,95,1.8,PE,1732753156
478,dashiqiao,40.6373,122.5025,269.48,55,32,3.52,CN,1732753161
479,port isabel,26.0734,-97.2086,299.17,76,0,5.66,US,1732753163
480,chongwe,-15.3292,28.682,293.33,85,96,2.4,ZM,1732753165
481,sisimiut,66.9395,-53.6735,259.62,62,41,5.38,GL,1732753167
482,nuku'alofa,-21.1333,-175.2,301.34,78,20,4.63,TO,1732753170
483,correntina,-13.3433,-44.6367,294.69,90,93,0.26,BR,1732753172
484,sabang,5.8933,95.3214,301.44,81,99,9.63,ID,1732753174
485,luau,-10.7073,22.2247,289.75,99,98,1.19,AO,1732753176
486,skovorodino,53.9833,123.9167,251.96,100,87,1.59,RU,1732753178
487,gwadar,25.1216,62.3254,298.59,74,0,3.77,PK,1732753182
488,adrar,20.5022,-10.0711,295.09,20,100,4.64,MR,1732753185
489,vung tau,10.346,107.0843,298.74,80,100,2.46,VN,1732753190
490,canguaretama,-6.38,-35.1289,296.95,72,100,4.6,BR,1732753192
491,sioux city,42.5,-96.4003,271.92,70,100,6.69,US,1732753194
492,uliastay,47.7417,96.8444,258.15,65,4,2.55,MN,1732753150
493,okha,53.5739,142.9478,272.99,93,100,11.03,RU,1732753199
494,nagqu,31.5,92.0,264.7,42,66,1.11,CN,1732753201
495,kirkwood,38.5834,-90.4068,278.66,88,100,1.34,US,1732753014
496,palmer,42.1584,-72.3287,274.96,80,0,0.0,US,1732753205
497,tazacorte,28.629,-17.9293,293.79,58,0,3.09,ES,1732753207
498,farafangana,-22.8167,47.8333,296.62,89,16,3.62,MG,1732753211
499,itoman,26.1247,127.6694,292.36,55,75,8.23,JP,1732753213
500,valle aurina - ahrntal,46.9962,11.9799,273.11,99,90,2.44,IT,1732753216
501,oasis,33.4659,-116.0989,297.85,37,75,3.09,US,1732753218
502,fundao,-19.9341,-40.4047,294.26,94,31,1.11,BR,1732753220
503,nelson bay,-32.7167,152.15,298.77,78,100,1.34,AU,1732753222
504,lagnieu,45.9004,5.3466,280.38,76,36,1.88,FR,1732753224
505,greenville,35.6127,-77.3663,286.01,84,100,0.89,US,1732753007
506,burabay,53.0838,70.3138,263.86,75,3,0.24,KZ,1732753228
507,mincivan,39.0294,46.7185,279.89,59,71,2.78,AZ,1732753230
508,comandante fontana,-25.3345,-59.6821,304.86,47,91,2.77,AR,1732753233
509,walvis bay,-22.9575,14.5053,287.28,91,0,3.14,NA,1732753235
510,papao,-17.75,-149.55,302.97,73,91,4.05,PF,1732753237
511,betong,5.7743,101.0723,294.31,100,100,0.83,TH,1732753239
512,galveston,29.3669,-94.9669,298.18,83,20,4.63,US,1732753241
513,ula,22.7225,88.5556,292.14,82,20,2.06,IN,1732753243
514,north bondi,-33.8824,151.2769,303.12,56,75,4.63,AU,1732753245
515,ternate,0.8,127.4,301.48,75,63,1.1,ID,1732753247
516,awjilah,29.1081,21.2869,285.92,61,4,1.56,LY,1732753250
517,banovce nad bebravou,48.7213,18.2575,278.74,93,99,1.86,SK,1732753252
518,abdulino,53.7,53.6667,266.3,87,70,0.53,RU,1732753254
519,san francisco de la paz,14.9,-86.2,292.9,88,25,2.36,HN,1732753256
520,buala,-8.145,159.5921,302.67,75,100,4.4,SB,1732753258
521,aginskoye,51.1,114.53,253.64,97,5,2.39,RU,1732753260
522,cam ranh,11.9214,109.1591,300.13,74,100,12.86,VN,1732753153
523,gillette,44.2911,-105.5022,268.77,61,0,2.06,US,1732753264
524,sassandra,4.95,-6.0833,298.38,86,39,1.96,CI,1732753267
525,santiago de cao,-7.9589,-79.2392,291.22,88,40,3.6,PE,1732753269
526,matoury,4.8483,-52.3317,298.13,94,0,1.03,GF,1732753271
527,nyagan,62.1406,65.3936,273.48,97,99,1.38,RU,1732753273
528,rioja,-29.4111,-66.8507,300.91,67,73,0.99,AR,1732753275
529,tabas,33.5959,56.9244,291.71,41,99,5.5,IR,1732753277
530,tobol'sk,58.2,68.2667,264.33,95,6,1.64,RU,1732753279
531,page,36.9147,-111.4558,282.03,52,0,2.57,US,1732753281
532,am timan,11.0297,20.2827,294.1,31,31,2.99,TD,1732753284
533,hassi messaoud,31.6804,6.0729,287.89,49,1,2.01,DZ,1732753286
534,altinyayla,39.2725,36.751,260.63,98,79,2.07,TR,1732753288
535,hiratacho,35.4333,132.8167,283.13,57,75,10.29,JP,1732753290
536,san mariano,7.5,126.0,298.2,94,100,2.14,PH,1732753292
537,boende,-0.2167,20.8667,294.07,99,92,0.88,CD,1732753295
538,buta,2.7858,24.73,294.67,88,93,0.93,CD,1732753297
539,unicov,49.7709,17.1214,277.69,96,84,4.88,CZ,1732753299
540,narathiwat,6.3333,101.75,301.07,99,100,1.69,TH,1732753301
541,ladario,-19.0047,-57.6017,303.79,52,100,1.24,BR,1732753303
542,shagonar,51.5333,92.8,258.08,98,98,0.82,RU,1732753305
543,mahalapye,-23.1041,26.8142,296.49,19,65,4.25,BW,1732753307
544,berdigestyakh,62.0989,126.6992,239.46,100,58,1.46,RU,1732753309
545,kalispell,48.1958,-114.3129,274.35,84,100,1.34,US,1732753312
546,hakui,36.8833,136.7833,279.4,61,91,10.46,JP,1732753314
547,ishigaki,24.3448,124.1572,293.22,56,20,3.6,JP,1732753316
548,itupiranga,-5.1347,-49.3267,301.42,59,64,0.41,BR,1732753221
549,val-d'or,48.1002,-77.7828,269.2,93,100,4.12,CA,1732753170
550,tripoli,32.8752,13.1875,290.63,56,75,2.67,LY,1732753325
551,portland,45.5234,-122.6762,282.36,84,75,2.06,US,1732753214
552,macau,22.2006,113.5461,291.0,52,0,10.29,MO,1732753329
553,makueni boma,-1.8041,37.6203,290.23,93,22,1.04,KE,1732753331
554,sanghar,26.0466,68.9481,295.15,38,0,1.45,PK,1732753333
555,palapye,-22.546,27.1251,297.5,44,61,2.77,BW,1732753335
556,fort-shevchenko,44.5086,50.263,280.7,95,100,5.1,KZ,1732753338
557,sao felix do xingu,-6.6447,-51.995,296.23,94,100,0.97,BR,1732753340
558,alaghsas,17.0187,8.0168,291.16,28,100,6.67,NE,1732753342
559,medicine hat,50.0501,-110.6683,264.39,86,100,3.6,CA,1732753344
560,arkadak,51.9326,43.4978,273.1,99,100,2.12,RU,1732753346
561,shkurinskaya,46.5858,39.3599,277.06,74,100,2.7,RU,1732753348
562,neryungri,56.6709,124.6491,251.08,99,100,1.31,RU,1732753350
563,san buenaventura,27.0833,-101.5333,300.64,35,100,3.06,MX,1732753352
564,yanykurgan,43.915,67.2481,279.69,54,52,1.53,KZ,1732753355
565,ad dilam,23.9915,47.1627,289.77,64,35,6.24,SA,1732753357
566,pascagoula,30.3658,-88.5561,294.15,83,100,2.06,US,1732753359
567,paka,4.6374,103.4368,298.14,88,40,1.54,MY,1732753361
568,arraial do cabo,-22.9661,-42.0278,296.73,86,50,11.35,BR,1732753364
569,dongcun,36.7767,121.1597,273.59,60,6,5.86,CN,1732753366
570,katiola,8.1333,-5.1,295.03,37,0,0.6,CI,1732753368
